<?xml version="1.0" encoding="UTF-8"?>
<project-private xmlns="http://www.netbeans.org/ns/project-private/1">
    <editor-bookmarks xmlns="http://www.netbeans.org/ns/editor-bookmarks/2" lastBookmarkId="0"/>
    <open-files xmlns="http://www.netbeans.org/ns/projectui-open-files/2">
        <group>
            <file>file:/E:/xampp/htdocs/assignment/application/libraries/mpdf54/mpdf.css</file>
            <file>file:/E:/xampp/htdocs/assignment/assets/css/bootstrap.min.css</file>
            <file>file:/E:/xampp/htdocs/assignment/export_pdf.css</file>
            <file>file:/E:/xampp/htdocs/assignment/application/libraries/mpdf54/config_fonts.php</file>
            <file>file:/E:/xampp/htdocs/assignment/application/controllers/Profile.php</file>
            <file>file:/E:/xampp/htdocs/assignment/application/views/profile_pdf.php</file>
        </group>
    </open-files>
</project-private>
